<?xml version='1.0' encoding='utf-8' standalone='yes'?>
<?xml-stylesheet href="./c74ref.xsl" type="text/xsl"?>

<c74object name='grainflow.util.stereoPan~' module="msp" category="grainflow, MSP Proccessing">

	<digest>An easy way to pan grains generated with grainflow.</digest>
	<description>

	</description>


	<!--METADATA-->

	<metadatalist>
		<metadata name='author'>Christopher Poovey</metadata>
		<metadata name='tag'>Grainflow</metadata>
		<metadata name='tag'>Granulation</metadata>
		<metadata name='tag'>MSP</metadata>

	</metadatalist>
<!--INLETS-->
	<inletlist>
		<inlet id="0" type="multichannelsignal">
			<digest>
				Grains as independent channels.
			</digest>
			<description>

			</description>
		</inlet>
		<inlet id="1" type="list">
			<digest>
				Grain data from grainflow.
			</digest>
			<description>

			</description>
		</inlet>

	</inletlist>

	<!--OUTLETS-->
	<outletlist>
		<outlet id="0" type="multichannelsignal">
			<digest>
			Grains in a stereo spread.
			</digest>
			<description>
			</description>
		</outlet>
	</outletlist>

	<!--ARGUMENTS-->

	<objarglist>
		<objarg name="number-of-grains" optional="0" type="int">
			<digest>The maximum number of grains to mixdown.</digest>
		</objarg>
	</objarglist>


	<!--MESSAGES-->

	<methodlist>

		<method name="panSpread">
			<digest>
				The spread of the stereo image from 0 - 1.
			</digest>
			<description>

			</description>
		</method>
		<method name="panCenter">
			<digest>
				The center of the stereo image from 0 - 1.
			</digest>
			<description>

			</description>
		</method>


	</methodlist>


	<!--ATTRIBUTES-->

	<attributelist>

	</attributelist>


	<!--RELATED-->

	<seealsolist>
		<seealso name='grainflow~' />
		<seealso name='grainflow.live~' />
	</seealsolist>


</c74object>
