<?xml version='1.0' encoding='utf-8' standalone='yes'?>
<?xml-stylesheet href="./c74ref.xsl" type="text/xsl"?>

<c74object name='grainflow.waveform~' module="msp" category="grainflow, MSP Proccessing">

	<digest>Display for grainflow</digest>
	<description>
	</description>


	<!--METADATA-->

	<metadatalist>
		<metadata name='author'>Christopher Poovey</metadata>
		<metadata name='tag'>Grainflow</metadata>
		<metadata name='tag'>Granulation</metadata>
		<metadata name='tag'>MSP</metadata>

	</metadatalist>
<!--INLETS-->
	<inletlist>

	</inletlist>

	<!--OUTLETS-->
	<outletlist>

	</outletlist>

	<!--ARGUMENTS-->

	<objarglist>
<objarg name="buffername" optional="0" type="symbol">
	<digest>Buffer to display.</digest>
</objarg>

	</objarglist>


	<!--MESSAGES-->

	<methodlist>





	</methodlist>


	<!--ATTRIBUTES-->

	<attributelist>
		<attribute name='buffername' get='1' set='1' type='string' size='1' >
			<digest>The same of the selected buffer.</digest>
		</attribute>
		<attribute name='bgColor' get='1' set='1' type='color' size='4' >
			<digest>Background color using rgba.</digest>
		</attribute>
		<attribute name='waveformColor' get='1' set='1' type='color' size='4' >
			<digest>Waveform color color using rgba.</digest>
		</attribute>
		<attribute name='dotSize' get='1' set='1' type='float' size='1' >
			<digest>The scale of the grain dots.</digest>
		</attribute>
		<attribute name='mode' get='1' set='1' type='int' size='1' >
			<digest>The interaction mode of the waveform: 0 is no selection, 1 is selection, 2 is loop.</digest>
		</attribute>
		<attribute name='dotColor' get='1' set='1' type='color' size='4' >
			<digest>Primary dot color.</digest>
		</attribute>
		<attribute name='dotColorSecondary' get='1' set='1' type='color' size='4' >
			<digest>Secondary dot color.</digest>
		</attribute>
		<attribute name='triangleEnable' get='1' set='1' type='float' size='1' >
			<digest>Enable tracking triangles.</digest>
		</attribute>
		<attribute name='triangleColor' get='1' set='1' type='color' size='4' >
			<digest>Color of tracking triangles.</digest>
		</attribute>
		<attribute name='triangleOutColor' get='1' set='1' type='color' size='4' >
			<digest>Color of tracking triangles outline.</digest>
		</attribute>
		<attribute name='maxDrawSamples' get='1' set='1' type='int' size='1' >
			<digest>The maximum number of samples to be drawn in the wavform. Will draw the enire waveform at varying qualities.</digest>
		</attribute>
		<attribute name='selection' get='1' set='1' type='float' size='2' >
			<digest>The selection range from 0-1.</digest>
		</attribute>
		<attribute name='dotVJitter' get='1' set='1' type='float' size='1' >
			<digest>Randomness applied to the dots verticle offset.</digest>
		</attribute>
	</attributelist>


	<!--RELATED-->

	<seealsolist>

	</seealsolist>


</c74object>
